Name,Likes
이영일,531
이예진,985
서성호,330
김옥순,434
김서윤,990
장아름,571
박영일,423
이영미,169
박종수,391
박민수,593
이미영,425
한영철,703
박성현,920
김현주,959
김영철,317
홍옥자,947
민은서,424
이준서,613
주영미,207
이병철,777
윤건우,107
류준서,673
김지우,513
오예원,171
이예원,216
최진호,44
최하은,664
문상현,933
지영일,281
이아름,488
문은서,931
김성호,480
주경수,289
이지영,303
서정훈,915
강미숙,924
이현주,406
조순자,618
이예원,521
윤현숙,464
김영길,622
양성진,294
김은주,976
고건우,868
한은지,756
이순옥,904
한지현,210
장현우,235
이예원,849
허은경,360
김영진,191
배예진,588
권시우,161
김혜진,229
백영호,720
이아름,547
강영환,209
한지은,639
김서영,40
황지영,196
홍윤서,939
최정수,675
심옥자,599
김서윤,692
이은영,747
이경희,122
류아름,616
배시우,902
김순자,300
백보람,612
김종수,484
김지아,906
박예진,144
진명자,686
한수빈,457
이민수,942
홍진우,557
구춘자,638
고민준,704
이주원,21
류영일,175
양지우,639
김지아,132
김경수,129
이예원,128
백은경,40
이은정,499
이진호,255
한영일,166
김종수,264
박지원,721
이지훈,532
권정웅,622
안경자,845
김승민,267
이보람,186
남시우,413
최영자,1000
송중수,436
손지민,885
박현준,763
배현주,653
양예진,868
김지영,901
김옥순,919
김옥자,581
이준혁,63
손성현,905
장경숙,776
지정순,905
박지은,939
구선영,259
박준영,842
김유진,82
곽은정,718
최예은,52
이아름,955
한영자,386
나은영,117
김상철,485
고영숙,127
장진호,579
황예진,664
김영진,329
강영환,119
장서준,601
박미경,688
최정순,628
장아름,37
배진호,192
김준서,449
김옥자,26
김경자,323
김현준,849
고광수,543
김재호,795
진서윤,555
문수빈,514
이정웅,757
김진우,648
서영철,56
박서연,290
김준영,680
최영철,532
김옥자,754
강민서,628
이선영,938
허영숙,290
백우진,752
이서준,56
양미경,133
박정순,694
황지아,1
송지우,251
최승현,928
홍지우,536
윤춘자,357
한미영,516
김순옥,641
노성호,305
김수진,431
강미숙,864
구성훈,528
김지훈,676
조선영,333
강수빈,342
서광수,220
손미경,990
이광수,396
한현주,709
황경자,306
김성민,837
권도현,340
강지영,643
이영진,415
김하윤,631
성도현,325
송영일,32
김경희,71
강진호,496
고정훈,939
박정호,996
김아름,664
이정식,704
장성현,904
손중수,401
박현숙,859
최미정,233
이정훈,192
박정희,904
박도현,533
김명숙,7
오성현,398
이하은,560
송은서,450
이정수,641
이현우,515
박승민,694
고정희,421
이은지,809
이순자,905
이명숙,131
김순자,504
이지은,364
김서연,0
손수진,636
김지민,477
김현지,563
문은주,114
김하윤,541
김영환,687
안현숙,826
유재호,800
김도윤,17
박예지,96
김은경,780
심예원,397
안승민,708
김상훈,526
조병철,447
김상현,714
이경자,634
서영자,324
김미정,911
김동현,81
고성진,437
김광수,217
이시우,974
이현정,772
이미숙,55
김진우,150
최하윤,578
송현우,762
서혜진,789
이선영,567
정성훈,42
김지민,849
윤춘자,519
김순자,365
김승민,749
김서연,144
홍준호,171
김영식,90
이보람,936
이성현,415
남정훈,130
백진우,878
황광수,431
강정남,266
서준호,820
김종수,320
최명자,704
서영순,573
이지후,485
김정남,706
김민준,152
오영희,197
조영수,377
홍상훈,176
안병철,636
이지연,324
김예지,773
문정희,88
지예은,717
박은정,615
민중수,990
민도윤,411
백영길,863
윤은영,776
이지은,875
배상철,750
이정웅,959
서영환,841
안경희,87
성성훈,416
전민지,667
홍진우,431
허영식,239
안지현,643
양승민,307
김정식,215
이승민,965
송영길,224
김현숙,935
이경희,309
박건우,565
임상철,985
심영진,242
김예원,212
한준호,415
이영길,422
김성현,600
안준서,499
배성민,44
김지영,542
고정식,73
김지민,108
유주원,666
강순자,968
고성진,805
김영자,383
주준호,483
윤민준,115
권서윤,616
백준호,190
엄미정,261
이민수,105
구도윤,783
권정희,780
홍영숙,893
윤정훈,212
한미정,712
배은정,226
김영수,319
김명숙,830
이예원,414
이영환,607
최민수,5
강경희,184
박영철,466
이지현,695
권현준,621
이영순,633
이지은,471
이도윤,6
강하은,420
곽성훈,828
양영수,773
노정순,520
조민서,765
이성현,527
김영수,446
강정남,969
강정자,717
조지영,575
윤시우,514
서은영,662
차서윤,608
이은정,547
최미경,374
권성호,755
박민재,407
허영숙,889
고은주,839
송성진,598
이채원,801
김영희,165
심현준,393
배민석,6
김민석,741
박병철,448
박은경,452
김준서,864
고진호,508
이정호,976
송주원,566
양채원,790
이정호,256
김예준,239
박은영,392
문종수,737
문재호,888
이미정,118
서민준,413
이성훈,398
황지영,145
이지우,222
김상현,115
김현숙,835
문선영,971
장영자,948
강종수,443
박영길,562
엄혜진,299
이건우,186
김혜진,802
문서준,336
장종수,231
허시우,11
이미영,164
이경희,258
박수빈,951
김경자,316
박민준,324
류예은,333
박지우,247
김은정,532
박옥자,626
김영자,625
류경자,150
김지은,623
김혜진,502
이병철,561
한준영,689
나민석,534
김경자,628
김춘자,596
송우진,288
최정식,977
김서영,721
김영숙,294
이영진,79
이민서,967
양정웅,131
윤지은,484
윤지민,886
최은지,689
이성민,229
이경수,115
장건우,42
김영식,187
하현숙,212
장정훈,896
이미영,597
이정식,826
고민수,149
이순옥,411
김지후,80
장민수,926
박지혜,377
배옥순,5
심예준,135
김현숙,866
오서현,470
이지은,410
김성훈,877
최영환,124
장현우,842
김예지,877
김선영,145
배정훈,140
박경희,855
이지우,880
김지우,354
이정호,64
최진우,632
장지아,702
권주원,4
김영진,740
곽정웅,590
김준서,389
박지후,896
김현지,653
장영숙,256
박상현,802
김숙자,80
이종수,250
김은정,733
김예준,889
우춘자,372
장우진,602
민건우,58
박승민,15
조광수,340
김명자,557
백예원,94
최예원,446
안상현,601
한영숙,534
진상호,855
문지아,227
이정식,209
정정자,70
이영식,73
이춘자,307
박경자,78
박영순,621
김민석,222
박정숙,117
지아름,793
서영미,141
장수민,760
최현준,518
김윤서,353
김미정,182
서진호,608
최예준,824
홍혜진,524
최정희,22
김시우,450
손옥자,883
박윤서,725
김영숙,829
박준혁,582
배성현,168
이우진,641
박영희,303
최도현,44
송현주,923
김순옥,914
김하은,647
박유진,416
권성훈,925
이명숙,357
이서준,69
권준서,941
이하은,392
허서윤,148
김영희,455
오영철,411
김순옥,168
이준호,173
허승민,373
김순옥,325
손예원,498
백하은,26
김지연,369
김경자,728
김지후,785
성유진,604
권미정,872
양영길,953
신지후,320
박서영,982
김민재,41
최민서,131
최상철,946
오영자,378
최정훈,593
김상철,194
김성현,199
이영호,366
최영환,501
이성진,982
김은경,88
김보람,751
이주원,118
김선영,890
홍주원,913
이광수,722
이광수,967
노예진,234
이현정,326
이성수,307
김경희,344
양예진,238
박상호,449
전유진,234
노건우,237
권영미,943
김동현,679
김은서,955
이선영,308
장영진,383
김준호,990
송현지,420
배성민,319
허지민,818
이진호,989
장성훈,192
권민수,972
고동현,326
구영환,133
박민준,206
김수빈,28
송지후,426
이주원,931
이영숙,228
이민지,253
오예원,795
